名称,ID,伤害,初始生命上限,子牌/母牌,战斗牌/法术牌,文字描述,注释
挖掘死者,0,,,母,法,使用效果：使用时，从弃牌堆抽取一张加入自己的手牌,弃牌堆：所有人的死亡的战斗母卡和使用过的法术牌存放在此
亡者复生,1,,,母,法,使用效果：使用时，此卡变成可出战的角色母卡，数值继承为上一次自身死亡角色卡的值,
枯木逢春,2,,,母,法,使用效果：恢复上一次受击时损失的血量，并将当时敌方攻击值打出，如果敌方死亡，那么这次伤害会不衰减的打出至下一个敌方出战牌,受击：被普攻
巨化药水,3,,,母,法,使用效果：指定一张出战牌，给予10层巨化,巨化：生命值和攻击力翻倍，生命值超出上限的部分变成虚血。
诅,4,,,母,法,使用效果：单独使用：强制所有敌方血量变为当前敌方战斗牌血量（超过血量上线变为不可恢复的虚血）组合使用：废除所有卡牌技能且废除所有法术卡全部投入弃牌堆(咒牌是战斗牌，在同一回合打出，所有卡牌（包括手牌）),组合使用：当出战卡是咒
无敌,5,,,母,法,使用效果：指定一张出战牌10回合无敌,
纽带,6,0,2,母,战,主动：使用技能后获得一层闪避，连续闪避五回合或存活10回合可召唤英雄牌，召唤后本体死亡,闪避：免除下一次的受击伤害 ；英雄牌：特殊子牌；召唤：强制召唤
褪魔者,7,1,4,母,战,被动：敌人无法使用技能,被动：上场时自动触发
教皇,8,1,4,母,战,主动：废除一张敌方手牌，可使用两次,
咒,9,2,5,母,战,主动：所有敌方卡牌扣除两点血量,
守护者,10,2,5,母,战,"被动：获得一层缓冲,缓冲被消耗时，两回合后恢复一层缓冲",缓冲：免除下一次所有伤害;  被动：开局自动触发
苦修,11,1,5,母,战,主动：获得五回合毅力,毅力：不受到下一次的受击伤害，并恢复同等的血量
地狱使者,12,2,4,母,战,主动：指定敌方一张出战牌，交换生命和攻击的数值，不改变血量上限,
赌徒,13,0,1,母,战, 主动：猜拳连续胜利五回合，立刻清空敌方手牌,
龙息,14,1,5,母,战,被动：攻击时增加一层龙息,龙息：上限为7，获得闪避，攻击数值翻倍
故障机器人,15,1,9,母,战,主动：发动第一次攻击之后获得两层吸血,吸血：攻击时恢复1点生命
作弊者,16,2,3,母,战,特性：即使回合判定失败，也会在敌方回合结束之后发动攻击,
尤里,17,1,2,母,战,被动：死亡时杀死对方的所有出战卡；主动：自杀,
机器猫,18,2,3,母,战,主动：血量不足时可投喂，恢复至最大生命,
贸易大王,19,1,6,母,战,主动：选择和敌方交换一张牌库中的卡牌，可使用两次,
拳击手,20,2,5,母,战,主动：初始技能伤害为一，蓄力两回合为4，蓄力三回合技能效果为处决,蓄力：使用技能但不造成伤害；处决：无视所有效果秒杀
邪教徒,21,1,5,母,战,主动：可选择献祭场上我方任意的的卡牌，增加一点血量上限和攻击力，并恢复一点血量,
双头人,22,1,5,母,战,特性：可单独出战，也可套用叠加在已出战母卡上（两张卡合并数值突破原卡牌数值上限）,
耸肩无视,23,,,子,法,使用效果：指定任意一张战斗卡生命与攻击数值乘二（己方与敌方均可）且自该牌生效后凡在场战斗卡淘汰两张，在回合行动后（法术卡发动后）将从弃牌堆中抽取一张牌加入己方牌库,获得条件：一张战斗牌连续存活20回合；弃牌堆：所有人的死亡的战斗母卡和使用过的法术牌存放在此
触底反弹,24,,,子,法,使用效果：使用后从弃牌堆中抽取任意三张牌加入牌库，且每回合多增加一行动。,获得条件：被连续的击杀五张牌（凡拥有生命值的卡牌），并且牌库中存在余量法术卡（不包含正在使用的法术卡）至少两张。
孤注一掷,25,,,子,法,使用效果：在行动后将场上所有卡牌丢入弃牌堆，玩家同时抽取一张牌（如若为法术卡则将重新抽取）通过对比卡牌生命值上限大小来决定胜利。,获得条件：累积击杀五张战斗卡，其牌库中仅剩一张牌（累计击杀超过五张或者牌库牌数多于一时无效）。
小熊,26,7,10,子,战,技能条件：使用三次母卡战斗卡技能获得一次技能（英雄牌属于子卡战斗卡类别）技能效果：立即击杀敌方在场战斗卡（子卡和母卡）,获得条件：卡牌“纽带”触发
天平,27,15,15,子,战,被动：攻击力为当前生命值，第一次死亡后，会以2点生命复活,获得条件：卡牌“纽带”触发；复活：以一定血量重生，清除负面状态
大法师,28,7,10,子,战,主动：每击杀两张战斗牌，可使用一次：废除指定一张对方的出战牌的技能。特性：自带一层纯净,获得条件：卡牌“纽带”触发；纯净：技能永不失效
太阳花,29,5,5,子,战,主动:  将双方手牌集中打乱，以我方开始依次发放一张牌直到结束。,获得条件：我方击杀或献祭卡牌数量为4时，从弃牌堆中抽取一张战斗牌，判定血量是否否大于3，若大于3，获得此牌。判定结束后放回弃牌堆
苦口冰激凌,30,1,1,子,战,被动：上场时给予对方3层捆缚；主动：选择一名敌人与其交换现有数值；特性：在手牌中未出战时，敌方无法使用技能牌,获得条件：局内加入至手牌的法术牌数量是且仅是2时且其中一张牌进入弃牌堆;捆缚:无法使用角色攻击或技能，每回合减少一层
顺水推舟,31,5,5,子,战,被动：上场之后可以查看对方的手牌；被动：每回合吸取1血,获得条件：以一张出战的牌连续击杀3张牌
令行禁止,32,,,母,法,使用效果：选择对方的一张出战牌，给予10层捆缚,捆缚:无法使用角色攻击或技能，每回合减少一层
湮灭,33,,,母,法,使用效果：指定一张敌方出战牌处决,处决：无视所有效果秒杀
攻守易形,34,,,母,法,使用效果：交换双方出战的所有战斗卡，10回合后交换回来，如果被交换的战斗卡死亡，便不会返回,
回光返照,35,,,母,法,使用效果：回到十回合之前,
魂,36,1,5,母,战,被动：每次死亡扣除一点血量上限，然后恢复至满血,
多动症,37,1,4,母,战,被动：击杀敌方一张出战牌后，再攻击一次。（每使用此牌击杀一张敌方战斗卡，行动上多一次攻击次数）,
达达主义,38,1,6,母,战,主动：指定敌方一张出战牌获得6层缩小，我方所有卡牌获得6层巨化。可使用三次,巨化：生命值和攻击力翻倍，生命值超出上限的部分变成虚血。缩小：生命值和战斗力削减至一半
神经毒素,39,2,3,母,战,被动：击伤敌方一战战斗牌时，给予一层捆缚,捆缚:无法使用角色攻击或技能，每回合减少一层
耐性,40,1,10,母,战,被动：收到伤害减半,
西部世界,41,2,3,母,战,被动：击杀对方出战牌，自己的攻击力翻倍,
余辉,42,5,7,子,战,被动：死亡后仍存在5回合，不可下场。且攻击效果为处决,获得条件：卡牌“纽带”触发；处决：无视所有效果秒杀
月亮有多远,43,5,5,子,战,主动：废除场上所有人的法术卡加入弃牌堆，仅可使用一次。特性：死亡时可通过消耗一张战斗卡和法术卡复活。,获得条件：使用战斗卡技能击杀敌方三张战斗卡且被击杀的第三张敌方出战卡上限血量大于3
足智多谋,44,,,子,法,使用效果：选定己方手牌中一张牌交互敌方手牌中两张牌（一次），从弃牌堆中抽取五张卡牌从中挑选三张加入己方手牌。,获得条件：连续击杀三张敌方战斗卡，且未发动过卡牌技能和使用法术卡。
